c8ui5UBbU9Y|https://www.youtube.com/watch?v=c8ui5UBbU9Y|gaddar|2024.05.26|1
bSpLxI9RwaY|https://www.youtube.com/watch?v=bSpLxI9RwaY|ronda ufc|2024.05.26|1
WpsrNq2U2LU|https://www.youtube.com/watch?v=WpsrNq2U2LU|msi2024|2024.05.26|1
1SEzZSloY7Q|https://www.youtube.com/watch?v=1SEzZSloY7Q|satranc123 dostummmasdadsaadsadsadsadadada|2024.05.27|1
fLLCMeGPTJ0&t=3s|https://www.youtube.com/watch?v=fLLCMeGPTJ0&t=3s|dandun|2024.05.27|1
Xp8ibArJd0c|https://www.youtube.com/watch?v=Xp8ibArJd0c|celal|2024.05.27|1
uDIhsvHpeG4|https://www.youtube.com/watch?v=uDIhsvHpeG4|yüksek öfke|2024.06.03|1
BhdE4tnPiN4|https://www.youtube.com/watch?v=BhdE4tnPiN4|joshua|2024.06.05 00:56:56|0
ZzWF9JUK1cc|https://www.youtube.com/watch?v=ZzWF9JUK1cc|synapse|2024.06.04|1
KiziCIsbzx8|https://www.youtube.com/watch?v=KiziCIsbzx8|godfather|2024.06.05 00:42:17|0
DfdbNFn8rqo|https://www.youtube.com/watch?v=DfdbNFn8rqo|canelo vs dimitry|2024.06.05 00:04:00|1
aVEn7MZMBF4|https://www.youtube.com/watch?v=aVEn7MZMBF4|soğutma hizmeti|2024.06.05 00:08:55|0
pTvbXOxQprA|https://www.youtube.com/watch?v=pTvbXOxQprA|büyük iskender|2024.06.05 00:09:20|0
QVqbJ044rPw|https://www.youtube.com/watch?v=QVqbJ044rPw|sopranos|2024.06.05 00:42:52|1
TgKtW9SYf0|https://www.youtube.com/watch?v=yTgKtW9SYf0|keykubat|2024.06.05 00:47:31|1
yTgKtW9SYf0|https://www.youtube.com/watch?v=yTgKtW9SYf0|keykubattt|2024.06.05 00:50:22|1
lFCBShC5jtE|https://www.youtube.com/watch?v=lFCBShC5jtE|bardakçı ilber|2024.06.05 01:07:21|0
x9zMGF6k_WM|https://www.youtube.com/watch?v=x9zMGF6k_WM|anthony parker|2024.06.05 01:06:38|0
